JobUrl,Title,CompanyName,Location,Remote,Industry,JobType,Salary,Website,DateTime
https://nodesk.co/remote-jobs/sticker-mule-director-of-sem/,Director of SEM,Sticker Mule,Remote,Worldwide,Marketing,Full-Time,$130K,https://nodesk.co,featured
https://nodesk.co/remote-jobs/semaphore-account-manager-customer-success-manager/,Account Manager / Customer Success Manager,Semaphore,Remote,Europe South America,Customer Support,Contract Full-Time,,https://nodesk.co,featured
https://nodesk.co/remote-jobs/6h-agency-sales-operations/,Sales Operations,6H Agency,Remote,Germany,Marketing,Part-Time,,https://nodesk.co,featured
https://nodesk.co/remote-jobs/commit-senior-software-engineer/,Senior Software Engineer,Commit,Remote,Worldwide,Engineering,Full-Time,C$115K – C$140K,https://nodesk.co,featured
https://nodesk.co/remote-jobs/coolshop-ruby-on-rails-developer/,Ruby On Rails Developer,Coolshop,Remote,Worldwide,Engineering,Full-Time,,https://nodesk.co,featured
https://nodesk.co/remote-jobs/gohiring-qa-manager-in/,QA Manager:in,GOhiring,Remote,Worldwide,Engineering,Full-Time,,https://nodesk.co,featured
https://nodesk.co/remote-jobs/6h-agency-web-developer/,Web Developer,6H Agency,Remote,Worldwide,Engineering,Full-Time,,https://nodesk.co,featured
https://nodesk.co/remote-jobs/slab-frontend-engineer/,Frontend Engineer,Slab,Remote,Worldwide,Engineering,Full-Time,,https://nodesk.co,featured
https://nodesk.co/remote-jobs/telus-international-ai-online-data-analyst-french-speaker/,Online Data Analyst - French Speaker,TELUS International AI,Remote,Canada,Other,Part-Time,,https://nodesk.co,featured
https://nodesk.co/remote-jobs/rupa-health-onboarding-manager/,Onboarding Manager,Rupa Health,Remote,US,Operations,Full-Time,$60K – $65K,https://nodesk.co,featured
https://nodesk.co/remote-jobs/abundant-minds-sales-marketing-specialist/,Sales & Marketing Specialist,Abundant-Minds,Remote,Canada UK US,Marketing,Full-Time,,https://nodesk.co,featured
https://nodesk.co/remote-jobs/clevertech-web3-react-developer/,Web3 React Developer,Clevertech,Remote,Worldwide,Engineering,Full-Time,,https://nodesk.co,featured
https://nodesk.co/remote-jobs/clevertech-react-motion-developer/,React Motion Developer,Clevertech,Remote,Worldwide,Engineering,Full-Time,,https://nodesk.co,featured
https://nodesk.co/remote-jobs/column-software-pbc-head-of-software-engineering/,Head of Software Engineering,"Column Software, PBC",Remote,US,Engineering,Full-Time,$180K – $300K,https://nodesk.co,featured
https://nodesk.co/remote-jobs/animalz-content-marketing-manager/,Content Marketing Manager,Animalz,Remote,North America,Marketing,Full-Time,$50K – $90K,https://nodesk.co,featured
https://nodesk.co/remote-jobs/devex-partnerships-manager/,Partnerships Manager,Devex,Remote,Worldwide,Sales,Full-Time,,https://nodesk.co,featured
https://nodesk.co/remote-jobs/devex-business-development-operations-lead/,Business Development Operations Lead,Devex,Remote,Worldwide,Operations,Full-Time,,https://nodesk.co,featured
https://nodesk.co/remote-jobs/toptal-senior-react-developer/,Senior React Developer,Toptal,Remote,Worldwide,Engineering,Contract Freelance,$50K – $300K,https://nodesk.co,featured
https://nodesk.co/remote-jobs/beauty-management-woocommerce-designer/,WooCommerce Designer,Beauty Management,Remote,Worldwide,Designer,Freelance,,https://nodesk.co,featured
https://nodesk.co/remote-jobs/gohiring-finance-manager-in-accountant-german-speaking/,Finance Manager:in / Accountant (German-speaking),GOhiring,Remote,Worldwide,Operations,Full-Time,,https://nodesk.co,featured
https://nodesk.co/remote-jobs/toptal-senior-react-native-developer/,Senior React Native Developer,Toptal,Remote,Worldwide,Engineering,Freelance,$50K – $300K,https://nodesk.co,featured
https://nodesk.co/remote-jobs/toptal-senior-data-engineer/,Senior Data Engineer,Toptal,Remote,Worldwide,Engineering,Freelance,$50K – $300K,https://nodesk.co,featured
https://nodesk.co/remote-jobs/toptal-senior-blockchain-developer/,Senior Blockchain Developer,Toptal,Remote,Worldwide,Engineering,Freelance,$50K – $300K,https://nodesk.co,featured
https://nodesk.co/remote-jobs/blockchain-cryptocurrency-jobs/,Blockchain Jobs / Cryptocurrency Jobs,Cryptocurrency Jobs,Remote,Worldwide,Other,Freelance Full-Time Internship Part-Time,,https://nodesk.co,featured
https://nodesk.co/remote-jobs/apollo-senior-customer-success-manager/,Senior Customer Success Manager,Apollo,Remote,US,Customer Support,Full-Time,,https://nodesk.co,today
https://nodesk.co/remote-jobs/maze-sales-development-representative/,Sales Development Representative,Maze,Remote,EMEA,Sales,Full-Time,,https://nodesk.co,today
https://nodesk.co/remote-jobs/litmus-senior-product-manager/,Senior Product Manager,Litmus,Remote,US,Product,Full-Time,,https://nodesk.co,today
https://nodesk.co/remote-jobs/metalab-resourcing-coordinator/,Resourcing Coordinator,MetaLab,Remote,+/- 4 hours PST,Operations,Full-Time,,https://nodesk.co,today
https://nodesk.co/remote-jobs/postscript-conversational-commerce-specialist/,Conversational Commerce Specialist,PostScript,Remote,North America,Customer Support,Full-Time,,https://nodesk.co,today
https://nodesk.co/remote-jobs/flatfile-outbound-business-development-representative/,Outbound Business Development Representative,Flatfile,Remote,US,Sales,Full-Time,,https://nodesk.co,today
https://nodesk.co/remote-jobs/gremlin-support-engineer/,Support Engineer,Gremlin,Remote,US,Engineering,Full-Time,,https://nodesk.co,today
https://nodesk.co/remote-jobs/stripe-account-executive-enterprise-platform/,"Account Executive Enterprise, Platform",Stripe,Remote,Germany,Sales,Full-Time,,https://nodesk.co,today